[{"pk": 1, "model": "core.category", "fields": {"rght": 2, "name": "People", "parent": null, "creator": null, "created": "2012-12-26T23:11:19.838", "modified": "2012-12-26T23:11:19.838", "lft": 1, "tree_id": 1, "modifier": null, "mptt_level": 0}}, {"pk": 2, "model": "core.category", "fields": {"rght": 4, "name": "Places", "parent": null, "creator": null, "created": "2012-12-26T23:11:37.495", "modified": "2012-12-26T23:11:37.495", "lft": 1, "tree_id": 2, "modifier": null, "mptt_level": 0}}, {"pk": 4, "model": "core.category", "fields": {"rght": 3, "name": "Cities", "parent": 2, "creator": null, "created": "2012-12-26T23:25:40.504", "modified": "2012-12-26T23:25:40.504", "lft": 2, "tree_id": 2, "modifier": null, "mptt_level": 1}}, {"pk": 3, "model": "core.category", "fields": {"rght": 2, "name": "Things", "parent": null, "creator": null, "created": "2012-12-26T23:11:40.877", "modified": "2012-12-26T23:11:40.877", "lft": 1, "tree_id": 3, "modifier": null, "mptt_level": 0}}, {"pk": 2, "model": "core.language", "fields": {"name": "Greek", "creator": null, "default": false, "region": "Greece", "created": "2012-12-26T23:10:48.473", "modified": "2012-12-31T00:55:41.777", "modifier": null}}, {"pk": 1, "model": "core.language", "fields": {"name": "English", "creator": null, "default": true, "region": "Various", "created": "2012-12-26T23:10:05.333", "modified": "2012-12-31T13:09:41.101", "modifier": null}}, {"pk": 3, "model": "core.language", "fields": {"name": "Russian", "creator": null, "default": false, "region": "Russia", "created": "2012-12-26T23:10:59.476", "modified": "2012-12-31T13:26:41.039", "modifier": null}}, {"pk": 2, "model": "core.code", "fields": {"name": "en-us", "language": 1, "creator": null, "created": "2012-12-31T00:55:10.852", "primary": false, "modified": "2012-12-31T00:55:10.852", "modifier": null}}, {"pk": 1, "model": "core.code", "fields": {"name": "en", "language": 1, "creator": null, "created": "2012-12-31T00:55:10.851", "primary": true, "modified": "2012-12-31T00:55:14.467", "modifier": null}}, {"pk": 4, "model": "core.code", "fields": {"name": "el", "language": 2, "creator": null, "created": "2012-12-31T00:55:41.779", "primary": true, "modified": "2012-12-31T00:55:41.779", "modifier": null}}, {"pk": 5, "model": "core.code", "fields": {"name": "el-gr", "language": 2, "creator": null, "created": "2012-12-31T00:55:41.780", "primary": false, "modified": "2012-12-31T00:55:41.780", "modifier": null}}, {"pk": 7, "model": "core.code", "fields": {"name": "en-gb", "language": 1, "creator": null, "created": "2012-12-31T13:09:41.106", "primary": false, "modified": "2012-12-31T13:09:41.106", "modifier": null}}, {"pk": 6, "model": "core.code", "fields": {"name": "ru", "language": 3, "creator": null, "created": "2012-12-31T01:10:31.079", "primary": true, "modified": "2012-12-31T13:26:41.044", "modifier": null}}, {"pk": 8, "model": "core.code", "fields": {"name": "ru-ru", "language": 3, "creator": null, "created": "2012-12-31T13:26:41.046", "primary": false, "modified": "2012-12-31T13:26:41.046", "modifier": null}}, {"pk": 1, "model": "core.word", "fields": {"name": "Tokyo", "creator": null, "created": "2012-12-28T19:23:23.011", "modified": "2012-12-28T19:24:49.655", "modifier": null, "approved": true, "categories": [4]}}, {"pk": 2, "model": "core.word", "fields": {"name": "Seoul", "creator": null, "created": "2012-12-28T19:27:16.034", "modified": "2012-12-28T19:27:54.378", "modifier": null, "approved": true, "categories": [4]}}, {"pk": 3, "model": "core.word", "fields": {"name": "New York", "creator": null, "created": "2012-12-28T19:42:26.198", "modified": "2012-12-28T19:43:09.372", "modifier": null, "approved": true, "categories": [4]}}, {"pk": 4, "model": "core.word", "fields": {"name": "Mumbai", "creator": null, "created": "2012-12-28T19:46:56.839", "modified": "2012-12-28T19:47:19.188", "modifier": null, "approved": true, "categories": []}}, {"pk": 5, "model": "core.word", "fields": {"name": "Jakarta", "creator": null, "created": "2012-12-28T19:49:18.570", "modified": "2012-12-28T19:49:43.643", "modifier": null, "approved": true, "categories": [4]}}, {"pk": 6, "model": "core.word", "fields": {"name": "S\u00e3o Paulo", "creator": null, "created": "2012-12-28T19:51:05.908", "modified": "2012-12-28T19:52:15.365", "modifier": null, "approved": true, "categories": [4]}}, {"pk": 7, "model": "core.word", "fields": {"name": "Delhi", "creator": null, "created": "2012-12-28T20:31:35.828", "modified": "2012-12-28T20:32:05.104", "modifier": null, "approved": true, "categories": [4]}}, {"pk": 8, "model": "core.word", "fields": {"name": "Osaka", "creator": null, "created": "2012-12-28T20:34:33.896", "modified": "2012-12-28T20:35:00.530", "modifier": null, "approved": true, "categories": [4]}}, {"pk": 9, "model": "core.word", "fields": {"name": "Shanghai", "creator": null, "created": "2012-12-28T20:36:57.779", "modified": "2012-12-28T20:37:23.506", "modifier": null, "approved": true, "categories": [4]}}, {"pk": 10, "model": "core.word", "fields": {"name": "Manila", "creator": null, "created": "2012-12-28T20:38:47.126", "modified": "2012-12-28T20:39:06.061", "modifier": null, "approved": true, "categories": [4]}}, {"pk": 11, "model": "core.word", "fields": {"name": "Hong Kong", "creator": null, "created": "2012-12-28T20:41:14.467", "modified": "2012-12-28T20:41:46.535", "modifier": null, "approved": true, "categories": [4]}}, {"pk": 12, "model": "core.word", "fields": {"name": "Los Angeles", "creator": null, "created": "2012-12-28T20:43:42.678", "modified": "2012-12-28T20:45:00.211", "modifier": null, "approved": true, "categories": [4]}}, {"pk": 13, "model": "core.word", "fields": {"name": "Kolkata", "creator": null, "created": "2012-12-28T20:50:38.376", "modified": "2012-12-28T20:51:13.437", "modifier": null, "approved": true, "categories": [4]}}, {"pk": 14, "model": "core.word", "fields": {"name": "Moscow", "creator": null, "created": "2012-12-28T20:53:53.789", "modified": "2012-12-28T20:54:19.698", "modifier": null, "approved": true, "categories": [4]}}, {"pk": 15, "model": "core.word", "fields": {"name": "Cairo", "creator": null, "created": "2012-12-28T20:56:09.460", "modified": "2012-12-28T20:56:48.102", "modifier": null, "approved": true, "categories": [4]}}, {"pk": 16, "model": "core.word", "fields": {"name": "Buenos Aires", "creator": null, "created": "2012-12-28T20:59:02.111", "modified": "2012-12-28T21:00:03.421", "modifier": null, "approved": true, "categories": []}}, {"pk": 17, "model": "core.word", "fields": {"name": "London", "creator": null, "created": "2012-12-28T21:01:17.842", "modified": "2012-12-28T21:01:52.541", "modifier": null, "approved": true, "categories": [4]}}, {"pk": 18, "model": "core.word", "fields": {"name": "Beijing", "creator": null, "created": "2012-12-28T21:03:27.805", "modified": "2012-12-28T21:03:44.713", "modifier": null, "approved": true, "categories": [4]}}, {"pk": 19, "model": "core.word", "fields": {"name": "Karachi", "creator": null, "created": "2012-12-28T21:04:43.451", "modified": "2012-12-28T21:05:27.277", "modifier": null, "approved": true, "categories": [4]}}, {"pk": 1, "model": "core.translation", "fields": {"word": 1, "language": 1, "creator": null, "created": "2012-12-28T19:23:23.018", "modified": "2012-12-28T19:23:23.018", "primary": true, "position": 1, "spelling": "Tokyo", "modifier": null, "approved": true}}, {"pk": 2, "model": "core.translation", "fields": {"word": 1, "language": 2, "creator": null, "created": "2012-12-28T19:23:23.019", "modified": "2012-12-28T19:23:23.019", "primary": true, "position": 1, "spelling": "\u03a4\u03cc\u03ba\u03b9\u03bf", "modifier": null, "approved": true}}, {"pk": 3, "model": "core.translation", "fields": {"word": 1, "language": 2, "creator": null, "created": "2012-12-28T19:23:23.019", "modified": "2012-12-28T19:24:49.665", "primary": false, "position": 2, "spelling": "\u03a4\u03cc\u03ba\u03c5\u03bf", "modifier": null, "approved": true}}, {"pk": 4, "model": "core.translation", "fields": {"word": 1, "language": 3, "creator": null, "created": "2012-12-28T19:24:49.667", "modified": "2012-12-28T19:24:49.667", "primary": true, "position": 1, "spelling": "\u0422\u043e\u0301\u043a\u0438\u043e", "modifier": null, "approved": true}}, {"pk": 5, "model": "core.translation", "fields": {"word": 1, "language": 3, "creator": null, "created": "2012-12-28T19:24:49.668", "modified": "2012-12-28T19:24:49.668", "primary": false, "position": 2, "spelling": "\u0422\u043e\u043a\u0438\u043e", "modifier": null, "approved": true}}, {"pk": 6, "model": "core.translation", "fields": {"word": 2, "language": 1, "creator": null, "created": "2012-12-28T19:27:16.039", "modified": "2012-12-28T19:27:16.039", "primary": true, "position": 1, "spelling": "Seoul", "modifier": null, "approved": true}}, {"pk": 7, "model": "core.translation", "fields": {"word": 2, "language": 2, "creator": null, "created": "2012-12-28T19:27:16.040", "modified": "2012-12-28T19:27:16.040", "primary": true, "position": 1, "spelling": "\u03a3\u03b5\u03bf\u03cd\u03bb", "modifier": null, "approved": true}}, {"pk": 8, "model": "core.translation", "fields": {"word": 2, "language": 3, "creator": null, "created": "2012-12-28T19:27:16.041", "modified": "2012-12-28T19:27:16.041", "primary": true, "position": 1, "spelling": "\u0421\u0435\u0443\u0301\u043b", "modifier": null, "approved": true}}, {"pk": 9, "model": "core.translation", "fields": {"word": 2, "language": 3, "creator": null, "created": "2012-12-28T19:27:54.388", "modified": "2012-12-28T19:27:54.388", "primary": false, "position": 2, "spelling": "\u0421\u0435\u0443\u043b", "modifier": null, "approved": true}}, {"pk": 10, "model": "core.translation", "fields": {"word": 3, "language": 1, "creator": null, "created": "2012-12-28T19:42:26.203", "modified": "2012-12-28T19:42:26.203", "primary": true, "position": 1, "spelling": "New York", "modifier": null, "approved": true}}, {"pk": 11, "model": "core.translation", "fields": {"word": 3, "language": 2, "creator": null, "created": "2012-12-28T19:42:26.204", "modified": "2012-12-28T19:42:26.204", "primary": true, "position": 1, "spelling": "\u039d\u03b9\u03bf\u03c5 \u0393\u03b9\u03bf\u03c1\u03ba", "modifier": null, "approved": true}}, {"pk": 12, "model": "core.translation", "fields": {"word": 3, "language": 3, "creator": null, "created": "2012-12-28T19:43:09.380", "modified": "2012-12-28T19:43:09.380", "primary": true, "position": 1, "spelling": "\u041d\u044c\u044e-\u0419\u043e\u0301\u0440\u043a", "modifier": null, "approved": true}}, {"pk": 13, "model": "core.translation", "fields": {"word": 3, "language": 3, "creator": null, "created": "2012-12-28T19:43:09.381", "modified": "2012-12-28T19:43:09.381", "primary": false, "position": 2, "spelling": "\u041d\u044c\u044e-\u0419\u043e\u0440\u043a", "modifier": null, "approved": true}}, {"pk": 14, "model": "core.translation", "fields": {"word": 4, "language": 1, "creator": null, "created": "2012-12-28T19:46:56.845", "modified": "2012-12-28T19:46:56.845", "primary": true, "position": 1, "spelling": "Mumbai", "modifier": null, "approved": true}}, {"pk": 15, "model": "core.translation", "fields": {"word": 4, "language": 2, "creator": null, "created": "2012-12-28T19:46:56.846", "modified": "2012-12-28T19:46:56.846", "primary": true, "position": 1, "spelling": "\u039c\u03bf\u03c5\u03bc\u03c0\u03ac\u03b9", "modifier": null, "approved": true}}, {"pk": 16, "model": "core.translation", "fields": {"word": 4, "language": 3, "creator": null, "created": "2012-12-28T19:46:56.846", "modified": "2012-12-28T19:46:56.846", "primary": true, "position": 1, "spelling": "\u041c\u0443\u043c\u0431\u0430\u0301\u0438", "modifier": null, "approved": true}}, {"pk": 17, "model": "core.translation", "fields": {"word": 4, "language": 3, "creator": null, "created": "2012-12-28T19:47:19.199", "modified": "2012-12-28T19:47:19.199", "primary": false, "position": 2, "spelling": "\u041c\u0443\u043c\u0431\u0430\u0438", "modifier": null, "approved": true}}, {"pk": 18, "model": "core.translation", "fields": {"word": 5, "language": 1, "creator": null, "created": "2012-12-28T19:49:18.575", "modified": "2012-12-28T19:49:18.575", "primary": true, "position": 1, "spelling": "Jakarta", "modifier": null, "approved": true}}, {"pk": 19, "model": "core.translation", "fields": {"word": 5, "language": 2, "creator": null, "created": "2012-12-28T19:49:18.576", "modified": "2012-12-28T19:49:18.576", "primary": true, "position": 1, "spelling": "\u03a4\u03b6\u03b1\u03ba\u03ac\u03c1\u03c4\u03b1", "modifier": null, "approved": true}}, {"pk": 20, "model": "core.translation", "fields": {"word": 5, "language": 3, "creator": null, "created": "2012-12-28T19:49:18.576", "modified": "2012-12-28T19:49:18.576", "primary": true, "position": 1, "spelling": "\u0414\u0436\u0430\u043a\u0430\u0301\u0440\u0442\u0430", "modifier": null, "approved": true}}, {"pk": 21, "model": "core.translation", "fields": {"word": 5, "language": 3, "creator": null, "created": "2012-12-28T19:49:39.289", "modified": "2012-12-28T19:49:39.289", "primary": false, "position": 2, "spelling": "\u0414\u0436\u0430\u043a\u0430\u0440\u0442\u0430", "modifier": null, "approved": true}}, {"pk": 22, "model": "core.translation", "fields": {"word": 6, "language": 1, "creator": null, "created": "2012-12-28T19:51:05.915", "modified": "2012-12-28T19:51:05.915", "primary": true, "position": 1, "spelling": "S\u00e3o Paulo", "modifier": null, "approved": true}}, {"pk": 23, "model": "core.translation", "fields": {"word": 6, "language": 1, "creator": null, "created": "2012-12-28T19:51:05.916", "modified": "2012-12-28T19:51:05.916", "primary": false, "position": 2, "spelling": "Sao Paulo", "modifier": null, "approved": true}}, {"pk": 24, "model": "core.translation", "fields": {"word": 6, "language": 2, "creator": null, "created": "2012-12-28T19:52:15.375", "modified": "2012-12-28T19:52:15.375", "primary": true, "position": 1, "spelling": "\u03a3\u03ac\u03bf \u03a0\u03ac\u03bf\u03bb\u03bf", "modifier": null, "approved": true}}, {"pk": 25, "model": "core.translation", "fields": {"word": 6, "language": 3, "creator": null, "created": "2012-12-28T19:52:15.376", "modified": "2012-12-28T19:52:15.376", "primary": true, "position": 1, "spelling": "\u0421\u0430\u043d-\u041f\u0430\u0443\u043b\u0443", "modifier": null, "approved": true}}, {"pk": 26, "model": "core.translation", "fields": {"word": 6, "language": 3, "creator": null, "created": "2012-12-28T19:52:15.377", "modified": "2012-12-28T19:52:15.377", "primary": false, "position": 2, "spelling": "\u0421\u0430\u043d \u041f\u0430\u0443\u043b\u0443", "modifier": null, "approved": true}}, {"pk": 27, "model": "core.translation", "fields": {"word": 7, "language": 1, "creator": null, "created": "2012-12-28T20:31:35.833", "modified": "2012-12-28T20:31:35.833", "primary": true, "position": 1, "spelling": "Delhi", "modifier": null, "approved": true}}, {"pk": 28, "model": "core.translation", "fields": {"word": 7, "language": 2, "creator": null, "created": "2012-12-28T20:31:35.834", "modified": "2012-12-28T20:31:35.834", "primary": true, "position": 1, "spelling": "\u0394\u03b5\u03bb\u03c7\u03af", "modifier": null, "approved": true}}, {"pk": 29, "model": "core.translation", "fields": {"word": 7, "language": 3, "creator": null, "created": "2012-12-28T20:31:35.835", "modified": "2012-12-28T20:31:35.835", "primary": true, "position": 1, "spelling": "\u0414\u0435\u0301\u043b\u0438", "modifier": null, "approved": true}}, {"pk": 30, "model": "core.translation", "fields": {"word": 7, "language": 3, "creator": null, "created": "2012-12-28T20:32:05.114", "modified": "2012-12-28T20:32:05.114", "primary": false, "position": 2, "spelling": "\u0414\u0435\u043b\u0438", "modifier": null, "approved": true}}, {"pk": 31, "model": "core.translation", "fields": {"word": 8, "language": 1, "creator": null, "created": "2012-12-28T20:34:33.901", "modified": "2012-12-28T20:34:33.902", "primary": true, "position": 1, "spelling": "Osaka", "modifier": null, "approved": true}}, {"pk": 32, "model": "core.translation", "fields": {"word": 8, "language": 2, "creator": null, "created": "2012-12-28T20:34:33.902", "modified": "2012-12-28T20:34:33.902", "primary": true, "position": 1, "spelling": "\u039f\u03c3\u03ac\u03ba\u03b1", "modifier": null, "approved": true}}, {"pk": 33, "model": "core.translation", "fields": {"word": 8, "language": 3, "creator": null, "created": "2012-12-28T20:34:33.903", "modified": "2012-12-28T20:34:33.903", "primary": true, "position": 1, "spelling": "\u041e\u0301\u0441\u0430\u0301\u043a\u0430", "modifier": null, "approved": true}}, {"pk": 34, "model": "core.translation", "fields": {"word": 8, "language": 3, "creator": null, "created": "2012-12-28T20:35:00.539", "modified": "2012-12-28T20:35:00.539", "primary": false, "position": 2, "spelling": "\u041e\u0441\u0430\u043a\u0430", "modifier": null, "approved": true}}, {"pk": 35, "model": "core.translation", "fields": {"word": 9, "language": 1, "creator": null, "created": "2012-12-28T20:36:57.786", "modified": "2012-12-28T20:36:57.786", "primary": true, "position": 1, "spelling": "Shanghai", "modifier": null, "approved": true}}, {"pk": 36, "model": "core.translation", "fields": {"word": 9, "language": 2, "creator": null, "created": "2012-12-28T20:36:57.787", "modified": "2012-12-28T20:36:57.787", "primary": true, "position": 1, "spelling": "\u03a3\u03b1\u03b3\u03ba\u03ac\u03b7", "modifier": null, "approved": true}}, {"pk": 37, "model": "core.translation", "fields": {"word": 9, "language": 3, "creator": null, "created": "2012-12-28T20:36:57.788", "modified": "2012-12-28T20:36:57.788", "primary": true, "position": 1, "spelling": "\u0428\u0430\u043d\u0445\u0430\u0301\u0439", "modifier": null, "approved": true}}, {"pk": 38, "model": "core.translation", "fields": {"word": 9, "language": 3, "creator": null, "created": "2012-12-28T20:37:23.517", "modified": "2012-12-28T20:37:23.517", "primary": false, "position": 2, "spelling": "\u0428\u0430\u043d\u0445\u0430\u0439", "modifier": null, "approved": true}}, {"pk": 39, "model": "core.translation", "fields": {"word": 10, "language": 1, "creator": null, "created": "2012-12-28T20:38:47.131", "modified": "2012-12-28T20:38:47.131", "primary": true, "position": 1, "spelling": "Manila", "modifier": null, "approved": true}}, {"pk": 40, "model": "core.translation", "fields": {"word": 10, "language": 2, "creator": null, "created": "2012-12-28T20:38:47.132", "modified": "2012-12-28T20:38:47.132", "primary": true, "position": 1, "spelling": "\u039c\u03b1\u03bd\u03af\u03bb\u03b1", "modifier": null, "approved": true}}, {"pk": 41, "model": "core.translation", "fields": {"word": 10, "language": 3, "creator": null, "created": "2012-12-28T20:38:47.133", "modified": "2012-12-28T20:38:47.133", "primary": true, "position": 1, "spelling": "\u041c\u0430\u043d\u0438\u0301\u043b\u0430", "modifier": null, "approved": true}}, {"pk": 42, "model": "core.translation", "fields": {"word": 10, "language": 3, "creator": null, "created": "2012-12-28T20:39:06.075", "modified": "2012-12-28T20:39:06.075", "primary": false, "position": 2, "spelling": "\u041c\u0430\u043d\u0438\u043b\u0430", "modifier": null, "approved": true}}, {"pk": 43, "model": "core.translation", "fields": {"word": 11, "language": 1, "creator": null, "created": "2012-12-28T20:41:14.474", "modified": "2012-12-28T20:41:14.474", "primary": true, "position": 1, "spelling": "Hong Kong", "modifier": null, "approved": true}}, {"pk": 44, "model": "core.translation", "fields": {"word": 11, "language": 2, "creator": null, "created": "2012-12-28T20:41:14.475", "modified": "2012-12-28T20:41:14.475", "primary": true, "position": 1, "spelling": "\u03a7\u03bf\u03bd\u03b3\u03ba \u039a\u03bf\u03bd\u03b3\u03ba", "modifier": null, "approved": true}}, {"pk": 45, "model": "core.translation", "fields": {"word": 11, "language": 3, "creator": null, "created": "2012-12-28T20:41:14.475", "modified": "2012-12-28T20:41:14.475", "primary": true, "position": 1, "spelling": "\u0413\u043e\u043d\u043a\u043e\u0301\u043d\u0433", "modifier": null, "approved": true}}, {"pk": 46, "model": "core.translation", "fields": {"word": 11, "language": 3, "creator": null, "created": "2012-12-28T20:41:46.548", "modified": "2012-12-28T20:41:46.548", "primary": false, "position": 2, "spelling": "\u0413\u043e\u043d\u043a\u043e\u043d\u0433", "modifier": null, "approved": true}}, {"pk": 47, "model": "core.translation", "fields": {"word": 12, "language": 1, "creator": null, "created": "2012-12-28T20:43:42.684", "modified": "2012-12-28T20:43:42.684", "primary": true, "position": 1, "spelling": "Los Angeles", "modifier": null, "approved": true}}, {"pk": 48, "model": "core.translation", "fields": {"word": 12, "language": 2, "creator": null, "created": "2012-12-28T20:43:42.685", "modified": "2012-12-28T20:43:42.685", "primary": true, "position": 1, "spelling": "\u039b\u03bf\u03c2 \u0386\u03bd\u03c4\u03b6\u03b5\u03bb\u03b5\u03c2", "modifier": null, "approved": true}}, {"pk": 49, "model": "core.translation", "fields": {"word": 12, "language": 3, "creator": null, "created": "2012-12-28T20:44:29.722", "modified": "2012-12-28T20:44:29.722", "primary": true, "position": 1, "spelling": "\u041b\u043e\u0441-\u0410\u0301\u043d\u0434\u0436\u0435\u043b\u0435\u0441", "modifier": null, "approved": true}}, {"pk": 50, "model": "core.translation", "fields": {"word": 12, "language": 3, "creator": null, "created": "2012-12-28T20:44:29.723", "modified": "2012-12-28T20:44:29.723", "primary": false, "position": 2, "spelling": "\u041b\u043e\u0441-\u0410\u043d\u0434\u0436\u0435\u043b\u0435\u0441", "modifier": null, "approved": true}}, {"pk": 51, "model": "core.translation", "fields": {"word": 12, "language": 3, "creator": null, "created": "2012-12-28T20:45:00.222", "modified": "2012-12-28T20:45:00.222", "primary": false, "position": 3, "spelling": "\u041b\u043e\u0441 \u0410\u0301\u043d\u0434\u0436\u0435\u043b\u0435\u0441", "modifier": null, "approved": true}}, {"pk": 52, "model": "core.translation", "fields": {"word": 12, "language": 3, "creator": null, "created": "2012-12-28T20:45:00.222", "modified": "2012-12-28T20:45:00.222", "primary": false, "position": 4, "spelling": "\u041b\u043e\u0441 \u0410\u043d\u0434\u0436\u0435\u043b\u0435\u0441", "modifier": null, "approved": true}}, {"pk": 53, "model": "core.translation", "fields": {"word": 13, "language": 1, "creator": null, "created": "2012-12-28T20:50:38.381", "modified": "2012-12-28T20:50:38.381", "primary": true, "position": 1, "spelling": "Kolkata", "modifier": null, "approved": true}}, {"pk": 54, "model": "core.translation", "fields": {"word": 13, "language": 2, "creator": null, "created": "2012-12-28T20:50:38.382", "modified": "2012-12-28T20:50:38.382", "primary": true, "position": 1, "spelling": "\u039a\u03b1\u03bb\u03ba\u03bf\u03cd\u03c4\u03b1", "modifier": null, "approved": true}}, {"pk": 55, "model": "core.translation", "fields": {"word": 13, "language": 2, "creator": null, "created": "2012-12-28T20:50:38.382", "modified": "2012-12-28T20:50:38.382", "primary": false, "position": 2, "spelling": "\u039a\u03bf\u03bb\u03ba\u03ac\u03c4\u03b1", "modifier": null, "approved": true}}, {"pk": 56, "model": "core.translation", "fields": {"word": 13, "language": 3, "creator": null, "created": "2012-12-28T20:51:13.446", "modified": "2012-12-28T20:51:13.446", "primary": true, "position": 1, "spelling": "\u041a\u0430\u043b\u044c\u043a\u0443\u0301\u0442\u0442\u0430", "modifier": null, "approved": true}}, {"pk": 57, "model": "core.translation", "fields": {"word": 13, "language": 3, "creator": null, "created": "2012-12-28T20:51:13.447", "modified": "2012-12-28T20:51:13.447", "primary": false, "position": 2, "spelling": "\u041a\u0430\u043b\u044c\u043a\u0443\u0442\u0442\u0430", "modifier": null, "approved": true}}, {"pk": 58, "model": "core.translation", "fields": {"word": 14, "language": 1, "creator": null, "created": "2012-12-28T20:53:53.796", "modified": "2012-12-28T20:53:53.796", "primary": true, "position": 1, "spelling": "Moscow", "modifier": null, "approved": true}}, {"pk": 59, "model": "core.translation", "fields": {"word": 14, "language": 2, "creator": null, "created": "2012-12-28T20:53:53.797", "modified": "2012-12-28T20:53:53.797", "primary": true, "position": 1, "spelling": "\u039c\u03cc\u03c3\u03c7\u03b1", "modifier": null, "approved": true}}, {"pk": 60, "model": "core.translation", "fields": {"word": 14, "language": 3, "creator": null, "created": "2012-12-28T20:53:53.797", "modified": "2012-12-28T20:53:53.797", "primary": true, "position": 1, "spelling": "\u041c\u043e\u0441\u043a\u0432\u0430\u0301", "modifier": null, "approved": true}}, {"pk": 61, "model": "core.translation", "fields": {"word": 14, "language": 3, "creator": null, "created": "2012-12-28T20:54:19.709", "modified": "2012-12-28T20:54:19.709", "primary": false, "position": 2, "spelling": "\u041c\u043e\u0441\u043a\u0432\u0430", "modifier": null, "approved": true}}, {"pk": 62, "model": "core.translation", "fields": {"word": 15, "language": 1, "creator": null, "created": "2012-12-28T20:56:09.465", "modified": "2012-12-28T20:56:09.465", "primary": true, "position": 1, "spelling": "Cairo", "modifier": null, "approved": true}}, {"pk": 63, "model": "core.translation", "fields": {"word": 15, "language": 2, "creator": null, "created": "2012-12-28T20:56:09.466", "modified": "2012-12-28T20:56:09.466", "primary": true, "position": 1, "spelling": "\u039a\u03ac\u03b9\u03c1\u03bf", "modifier": null, "approved": true}}, {"pk": 64, "model": "core.translation", "fields": {"word": 15, "language": 3, "creator": null, "created": "2012-12-28T20:56:48.118", "modified": "2012-12-28T20:56:48.118", "primary": true, "position": 1, "spelling": "\u041a\u0430\u0438\u0301\u0440", "modifier": null, "approved": true}}, {"pk": 65, "model": "core.translation", "fields": {"word": 15, "language": 3, "creator": null, "created": "2012-12-28T20:56:48.119", "modified": "2012-12-28T20:56:48.119", "primary": false, "position": 2, "spelling": "\u041a\u0430\u0438\u0440", "modifier": null, "approved": true}}, {"pk": 66, "model": "core.translation", "fields": {"word": 16, "language": 1, "creator": null, "created": "2012-12-28T20:59:02.117", "modified": "2012-12-28T20:59:02.117", "primary": true, "position": 1, "spelling": "Buenos Aires", "modifier": null, "approved": true}}, {"pk": 67, "model": "core.translation", "fields": {"word": 16, "language": 2, "creator": null, "created": "2012-12-28T20:59:02.118", "modified": "2012-12-28T20:59:02.118", "primary": true, "position": 1, "spelling": "\u039c\u03c0\u03bf\u03c5\u03ad\u03bd\u03bf\u03c2 \u0386\u03b9\u03c1\u03b5\u03c2", "modifier": null, "approved": true}}, {"pk": 68, "model": "core.translation", "fields": {"word": 16, "language": 3, "creator": null, "created": "2012-12-28T20:59:33.700", "modified": "2012-12-28T20:59:33.700", "primary": true, "position": 1, "spelling": "\u0411\u0443\u044d\u0301\u043d\u043e\u0441-\u0410\u0301\u0439\u0440\u0435\u0441", "modifier": null, "approved": true}}, {"pk": 69, "model": "core.translation", "fields": {"word": 16, "language": 3, "creator": null, "created": "2012-12-28T20:59:33.701", "modified": "2012-12-28T20:59:33.701", "primary": false, "position": 2, "spelling": "\u0411\u0443\u044d\u043d\u043e\u0441-\u0410\u0439\u0440\u0435\u0441", "modifier": null, "approved": true}}, {"pk": 70, "model": "core.translation", "fields": {"word": 16, "language": 3, "creator": null, "created": "2012-12-28T21:00:03.433", "modified": "2012-12-28T21:00:03.433", "primary": false, "position": 3, "spelling": "\u0411\u0443\u044d\u0301\u043d\u043e\u0441 \u0410\u0301\u0439\u0440\u0435\u0441", "modifier": null, "approved": true}}, {"pk": 71, "model": "core.translation", "fields": {"word": 16, "language": 3, "creator": null, "created": "2012-12-28T21:00:03.434", "modified": "2012-12-28T21:00:03.434", "primary": false, "position": 4, "spelling": "\u0411\u0443\u044d\u043d\u043e\u0441 \u0410\u0439\u0440\u0435\u0441", "modifier": null, "approved": true}}, {"pk": 72, "model": "core.translation", "fields": {"word": 17, "language": 1, "creator": null, "created": "2012-12-28T21:01:17.847", "modified": "2012-12-28T21:01:17.847", "primary": true, "position": 1, "spelling": "London", "modifier": null, "approved": true}}, {"pk": 73, "model": "core.translation", "fields": {"word": 17, "language": 2, "creator": null, "created": "2012-12-28T21:01:17.848", "modified": "2012-12-28T21:01:17.848", "primary": true, "position": 1, "spelling": "\u039b\u03bf\u03bd\u03b4\u03af\u03bd\u03bf", "modifier": null, "approved": true}}, {"pk": 74, "model": "core.translation", "fields": {"word": 17, "language": 3, "creator": null, "created": "2012-12-28T21:01:52.550", "modified": "2012-12-28T21:01:52.551", "primary": true, "position": 1, "spelling": "\u041b\u043e\u0301\u043d\u0434\u043e\u043d", "modifier": null, "approved": true}}, {"pk": 75, "model": "core.translation", "fields": {"word": 17, "language": 3, "creator": null, "created": "2012-12-28T21:01:52.551", "modified": "2012-12-28T21:01:52.551", "primary": false, "position": 2, "spelling": "\u041b\u043e\u043d\u0434\u043e\u043d", "modifier": null, "approved": true}}, {"pk": 76, "model": "core.translation", "fields": {"word": 18, "language": 1, "creator": null, "created": "2012-12-28T21:03:27.811", "modified": "2012-12-28T21:03:27.811", "primary": true, "position": 1, "spelling": "Beijing", "modifier": null, "approved": true}}, {"pk": 77, "model": "core.translation", "fields": {"word": 18, "language": 2, "creator": null, "created": "2012-12-28T21:03:27.811", "modified": "2012-12-28T21:03:27.811", "primary": true, "position": 1, "spelling": "\u03a0\u03b5\u03ba\u03af\u03bd\u03bf", "modifier": null, "approved": true}}, {"pk": 78, "model": "core.translation", "fields": {"word": 18, "language": 3, "creator": null, "created": "2012-12-28T21:03:27.812", "modified": "2012-12-28T21:03:27.812", "primary": true, "position": 1, "spelling": "\u041f\u0435\u043a\u0438\u0301\u043d", "modifier": null, "approved": true}}, {"pk": 79, "model": "core.translation", "fields": {"word": 18, "language": 3, "creator": null, "created": "2012-12-28T21:03:44.723", "modified": "2012-12-28T21:03:44.723", "primary": false, "position": 2, "spelling": "\u041f\u0435\u043a\u0438\u043d", "modifier": null, "approved": true}}, {"pk": 80, "model": "core.translation", "fields": {"word": 19, "language": 1, "creator": null, "created": "2012-12-28T21:04:43.456", "modified": "2012-12-28T21:04:43.456", "primary": true, "position": 1, "spelling": "Karachi", "modifier": null, "approved": true}}, {"pk": 81, "model": "core.translation", "fields": {"word": 19, "language": 2, "creator": null, "created": "2012-12-28T21:04:43.457", "modified": "2012-12-28T21:04:43.457", "primary": true, "position": 1, "spelling": "\u039a\u03b1\u03c1\u03ac\u03c4\u03c3\u03b9", "modifier": null, "approved": true}}, {"pk": 82, "model": "core.translation", "fields": {"word": 19, "language": 3, "creator": null, "created": "2012-12-28T21:05:27.285", "modified": "2012-12-28T21:05:27.285", "primary": true, "position": 1, "spelling": "\u041a\u0430\u0440\u0430\u0301\u0447\u0438", "modifier": null, "approved": true}}, {"pk": 83, "model": "core.translation", "fields": {"word": 19, "language": 3, "creator": null, "created": "2012-12-28T21:05:27.286", "modified": "2012-12-28T21:05:27.286", "primary": false, "position": 2, "spelling": "\u041a\u0430\u0440\u0430\u0447\u0438", "modifier": null, "approved": true}}]